method,mean_revenue,mean_regret,cvar_10,negative_revenue_days,mean_imbalance_penalty
Hindsight optimum,33.46991426603414,0.0,10.829141511387165,5,0.0
DF policy search (revenue),21.638520953818713,11.831393312215427,-1.8528591943225292,115,3.391714267553598
DF policy search (risk-adjusted),21.48727239232236,11.982641873711778,-1.275977379091647,110,3.402472932484445
Rolling-28d mean FTO,21.38113421647256,12.088780049561574,-1.5002792282935462,110,3.4420658356739615
Robust quantile FTO,21.127734784256372,12.342179481777762,-0.5845049434594567,97,3.2949798191944777
Prev-day FTO,18.265826613371054,15.204087652663087,-7.197207541272637,184,3.654222741543163
