method,mean_revenue,mean_regret,cvar_10,negative_revenue_days,mean_imbalance_penalty
Hindsight optimum,36.104175904635824,0.0,14.150664466873707,0,0.0
Forecast-coupled DF (revenue),31.43468149598933,4.669494408646493,10.38545224265723,2,0.7990991187914206
Paper1 point + Paper2 net FTO,31.368496424652704,4.73567947998312,10.57057848043814,2,0.7976037356037083
Forecast-coupled DF (risk-adjusted),31.249930075519064,4.854245829116762,10.12796121734769,2,0.7929375480409532
Paper1 interval + Paper2 net FTO,30.65910112409198,5.445074780543846,9.488068683285881,4,0.7799043188195807
Rolling-28d mean FTO,22.782704154543843,13.321471750091982,-0.27352259854268457,49,3.3753617665821354
Robust quantile FTO,22.317571867109518,13.786604037526308,-0.3873693652682981,43,3.2442961141242272
