method,mean_revenue,mean_regret,cvar_10,negative_revenue_days,mean_imbalance_penalty
Hindsight optimum,33.46991426603414,0.0,10.829141511387165,5,0.0
Rolling-28d mean FTO,21.38113421647256,12.088780049561574,-1.5002792282935462,110,3.4420658356739615
Robust quantile FTO,21.127734784256372,12.342179481777762,-0.5845049434594567,97,3.2949798191944777
Prev-day FTO,18.265826613371054,15.204087652663087,-7.197207541272637,184,3.654222741543163
Fuzzy risk-aware FTO,11.341507634166323,22.128406631867815,-4.967530766978593,259,3.2950161321601286
