risk_weight,mean_revenue,mean_regret,cvar_10,negative_revenue_days,mean_imbalance_penalty,selection_objective
0.0,21.638520953818713,11.831393312215427,-1.8528591943225292,115,3.391714267553598,21.638520953818713
0.25,21.48727239232236,11.982641873711778,-1.275977379091647,110,3.402472932484445,21.16827804754945
0.5,21.48727239232236,11.982641873711778,-1.275977379091647,110,3.402472932484445,20.849283702776535
0.75,21.37130516451333,12.098609101520804,-1.7414949979843306,112,3.4235584082669415,20.065183916025084
1.0,21.37130516451333,12.098609101520804,-1.7414949979843306,112,3.4235584082669415,19.629810166529
1.5,21.37130516451333,12.098609101520804,-1.7414949979843306,112,3.4235584082669415,18.759062667536835
2.0,21.37130516451333,12.098609101520804,-1.7414949979843306,112,3.4235584082669415,17.88831516854467
